
USE `buen_sabor2`;

/*Data for the table `unidad_medida` */

insert  into `unidad_medida`(`id`,`eliminado`,`denominacion`) values (1,'\0','Kilogramo'),(2,'\0','Unidad'),(3,'\0','Litro');

/*Data for the table `categoria` */

insert  into `categoria`(`id`,`eliminado`,`denominacion`,`url_imagen`,`categoria_padre_id`) values (1,'\0','Comidas','https://res.cloudinary.com/dvyjtb1ns/image/upload/v1750117097/comidas_egnfzj.jpg',NULL),(2,'\0','Insumos','https://res.cloudinary.com/dvyjtb1ns/image/upload/v1750117104/insumos_o2chjk.jpg',NULL),(3,'\0','Bebidas','https://res.cloudinary.com/dvyjtb1ns/image/upload/v1750117097/bebidas_bhb2hu.jpg',2),(4,'\0','Hamburguesas','https://res.cloudinary.com/dvyjtb1ns/image/upload/v1750117104/hamburguesa_cat_ks8spu.jpg',1),(5,'\0','Pizzas','https://res.cloudinary.com/dvyjtb1ns/image/upload/v1750117114/pizza_cat_gslnm6.jpg',1),(6,'\0','Lomos','https://res.cloudinary.com/dvyjtb1ns/image/upload/v1750117105/lomo_cat_ifduro.jpg',1),(7,'\0','Empanadas','https://res.cloudinary.com/dvyjtb1ns/image/upload/v1750117097/empanadas_cat_nygobw.jpg',1),(8,'\0','Papas Fritas','https://res.cloudinary.com/dvyjtb1ns/image/upload/v1750117111/papas_cat_uhoc8l.jpg',1),(9,'\0','Gaseosas','https://res.cloudinary.com/dvyjtb1ns/image/upload/v1750117097/gaseosas_cat_ym00xf.jpg',3),(10,'\0','Cervezas','https://res.cloudinary.com/dvyjtb1ns/image/upload/v1750117097/cervezas_cat_hiih9v.jpg',3),(11,'\0','Carnes','https://res.cloudinary.com/dvyjtb1ns/image/upload/v1750117097/carnes_cat_qnl6jv.jpg',2),(12,'\0','Vegetales','https://res.cloudinary.com/dvyjtb1ns/image/upload/v1750117114/vegetales_cat_zzkpcn.jpg',2),(13,'\0','Lácteos','https://res.cloudinary.com/dvyjtb1ns/image/upload/v1750117105/lacteos_cat_xpde59.jpg',2),(14,'\0','Panificados','https://res.cloudinary.com/dvyjtb1ns/image/upload/v1750117110/panificados_cat_nbyxji.jpg',2),(15,'\0','Condimentos','https://res.cloudinary.com/dvyjtb1ns/image/upload/v1750117097/condimentos_cat_tq0isc.jpg',2),(16,'\0','Aguas y Otros','https://res.cloudinary.com/dvyjtb1ns/image/upload/v1750186655/aguas_cat_uujku3.jpg',3);

/*Data for the table `articulo` */

insert  into `articulo`(`tipo_articulo`,`id`,`eliminado`,`denominacion`,`precio_venta`,`categoria_id`,`unidad_medida_id`) values ('Insumo',1,'\0','Carne de Res Molida',NULL,11,1),('Insumo',2,'\0','Pollo',NULL,11,1),('Insumo',3,'\0','Carne para Lomito',NULL,11,1),('Insumo',4,'\0','Tomate',NULL,12,1),('Insumo',5,'\0','Lechuga',NULL,12,1),('Insumo',6,'\0','Cebolla',NULL,12,1),('Insumo',7,'\0','Papa',NULL,12,1),('Insumo',8,'\0','Queso Mozzarella',NULL,13,1),('Insumo',9,'\0','Queso Cheddar',NULL,13,1),('Insumo',10,'\0','Pan de Hamburguesa',NULL,14,2),('Insumo',11,'\0','Pan de Lomo',NULL,14,2),('Insumo',12,'\0','Masa de Pizza',NULL,14,2),('Insumo',13,'\0','Masa de Empanada',NULL,14,2),('Insumo',14,'\0','Sal',NULL,15,1),('Insumo',15,'\0','Pimienta',NULL,15,1),('Insumo',16,'\0','Mayonesa',NULL,15,3),('Insumo',17,'\0','Ketchup',NULL,15,3),('Insumo',18,'\0','Aceite',NULL,15,3),('Insumo',19,'\0','Coca Cola 2,25L',2500,9,2),('Insumo',20,'\0','Sprite 2,25L',2300,9,2),('Insumo',21,'\0','Cerveza Quilmes 1L',3000,10,2),('Insumo',22,'\0','Cerveza Stella Artois 1L',3500,10,2),('ArticuloManufacturado',23,'\0','Hamburguesa Clásica',5512.5,4,2),('ArticuloManufacturado',24,'\0','Hamburguesa con Queso',6050,4,2),('ArticuloManufacturado',25,'\0','Pizza Mozzarella',4500,5,2),('ArticuloManufacturado',26,'\0','Pizza Napolitana',4800,5,2),('ArticuloManufacturado',27,'\0','Lomo simple',6437.5,6,2),('ArticuloManufacturado',28,'\0','Empanada de Carne',2440,7,2),('ArticuloManufacturado',29,'\0','Empanada de Pollo',2040,7,2),('ArticuloManufacturado',30,'\0','Papas Fritas Medianas',1000,8,2),('ArticuloManufacturado',31,'\0','Papas Fritas Grandes',1650,8,2),('Insumo',32,'\0','Fanta Naranja 2,25L',2400,9,2),('Insumo',33,'\0','Fanta Pomelo 2,25L',2450,9,2),('Insumo',34,'\0','Schweppes Pomelo 2,25L',2350,9,2),('Insumo',35,'\0','Coca Cola Zero 2,25L',2300,9,2),('Insumo',36,'\0','Agua Mineral Villavicencio 2L',1800,16,2),('Insumo',37,'\0','Agua Saborizada Levité Pomelo 1,5L',2100,16,2),('Insumo',38,'\0','Cerveza Andes 1L',2800,10,2),('Insumo',39,'\0','Cerveza Corona 330ml',4200,10,2),('Insumo',40,'\0','Cerveza Heineken 330ml',4500,10,2),('Insumo',41,'\0','Agua Mineral Villavicencio con Gas 1.5L',1800,16,2),('Insumo',42,'\0','Energizante Red Bull 250ml',5500,16,2),('Insumo',43,'\0','Huevos',NULL,13,2),('Insumo',44,'\0','Salsa Golf',NULL,15,3),('Insumo',45,'\0','Mostaza',NULL,15,3),('Insumo',46,'\0','Salsa Picante',NULL,15,3),('Insumo',47,'\0','Manteca',NULL,13,1),('Insumo',48,'\0','Jamón Cocido',NULL,11,1),('Insumo',49,'\0','Tocino',NULL,11,1),('Insumo',50,'\0','Morrón Rojo',NULL,12,1),('Insumo',51,'\0','Champiñones',NULL,12,1),('Insumo',52,'\0','Leche',NULL,13,3),('Insumo',53,'\0','Crema de Leche',NULL,13,3),('Insumo',54,'\0','Queso Parmesano',NULL,13,1),('Insumo',55,'\0','Orégano',NULL,15,1),('Insumo',56,'\0','Ajo',NULL,12,1),('Insumo',57,'\0','Pimentón',NULL,15,1),('Insumo',58,'\0','Comino',NULL,15,1),('Insumo',59,'\0','Harina',NULL,14,1),('Insumo',60,'\0','Aceitunas Verdes',NULL,12,1),('Insumo',61,'\0','Aceitunas Negras',NULL,12,1),('Insumo',62,'\0','Salsa Barbacoa',NULL,15,3),('Insumo',63,'\0','Vinagre',NULL,15,3),('Insumo',64,'\0','Chimichurri',NULL,15,3),('ArticuloManufacturado',65,'\0','Papas Picantes',1219.25,8,2),('ArticuloManufacturado',66,'\0','Papas con Cheddar y Tocino',3226.25,8,2),('ArticuloManufacturado',67,'\0','Papas con Huevos',1756.25,8,2),('ArticuloManufacturado',68,'\0','Lomo Completo',9912.5,6,2),('ArticuloManufacturado',69,'\0','Empanada de Jamón y Queso',1880,7,2),('ArticuloManufacturado',70,'\0','Pizza Champiñones y Cebolla',5962.5,5,2),('ArticuloManufacturado',71,'\0','Pizza Especial',7387.5,5,2);

/*Data for the table `articulo_insumo` */

insert  into `articulo_insumo`(`es_para_elaborar`,`precio_compra`,`id`) values ('',8000,1),('',6000,2),('',7000,3),('',2000,4),('',1500,5),('',1000,6),('',1200,7),('',5000,8),('',5500,9),('',800,10),('',1000,11),('',600,12),('',400,13),('',500,14),('',600,15),('',3000,16),('',2500,17),('',2000,18),('\0',1800,19),('\0',1600,20),('\0',2200,21),('\0',2800,22),('\0',1700,32),('\0',1750,33),('\0',1650,34),('\0',1600,35),('\0',1200,36),('\0',1500,37),('\0',2100,38),('\0',3200,39),('\0',3500,40),('\0',1200,41),('\0',4200,42),('',200,43),('',2400,44),('',1800,45),('',2800,46),('',2200,47),('',5500,48),('',6200,49),('',2500,50),('',3500,51),('',1200,52),('',1800,53),('',8000,54),('',1000,55),('',1500,56),('',1200,57),('',1400,58),('',800,59),('',3200,60),('',3600,61),('',3000,62),('',1100,63),('',2600,64);

/*Data for the table `articulo_manufacturado` */

insert  into `articulo_manufacturado`(`descripcion`,`ganancia`,`preparacion`,`tiempo_estimado_minutos`,`id`) values ('Hamburguesa clásica con carne, lechuga, tomate',150,'Cocinar la carne, armar con vegetales frescos',8,23),('Hamburguesa con queso cheddar derretido',150,'Cocinar la carne, derretir queso, armar con vegetales',10,24),('Pizza con salsa de tomate y mozzarella',150,'Extender masa, agregar salsa y queso, hornear',9,25),('Pizza con tomate, mozzarella y condimentos',150,'Extender masa, agregar ingredientes, hornear',11,26),('Lomo simple con lechuga tomate y mayonesa',150,'Cocinar carne, preparar guarniciones, armar',12,27),('Empanada rellena de carne condimentada',100,'Preparar relleno, armar empanadas, hornear',13,28),('Empanada rellena de pollo desmenuzado',100,'Cocinar pollo, preparar relleno, armar y hornear',14,29),('Porción mediana de papas fritas',150,'Cortar papas, freír hasta dorar',6,30),('Porción grande de papas fritas',150,'Cortar papas, freír hasta dorar',8,31),('Papas fritas condimentadas con especias picantes',150,'Freír papas cortadas en bastones. Agregar condimentos picantes.',15,65),('Papas fritas con queso cheddar derretido y tocino',150,'Freír papas, agregar queso cheddar derretido y tocino crocante.',18,66),('Papas fritas acompañadas con huevos revueltos',150,'Freír papas, hacer huevos revueltos y mezclar.',20,67),('Lomo completo con todos los ingredientes',150,'Preparar lomo con carne, agregar queso, huevo frito y jamón en pan de lomo.',25,68),('Empanada rellena de jamón cocido y queso',100,'Rellenar masa con jamón cocido y queso, cerrar y hornear.',12,69),('Pizza con champiñones frescos y cebolla',150,'Preparar masa de pizza, agregar mozzarella, champiñones y cebolla.',20,70),('Pizza especial con jamón y morrón rojo',150,'Preparar masa de pizza con mozzarella, jamón y morrón rojo.',25,71);

/*Data for the table `imagen_articulo` */

insert  into `imagen_articulo`(`id`,`eliminado`,`denominacion`,`articulo_id`) values (1,'\0','https://res.cloudinary.com/dvyjtb1ns/image/upload/v1750125083/carne_molida_ghfti8.jpg',1),(2,'\0','https://res.cloudinary.com/dvyjtb1ns/image/upload/v1750125082/pollo_udtrmr.jpg',2),(3,'\0','https://res.cloudinary.com/dvyjtb1ns/image/upload/v1750118525/coca_cola_bvrczz.jpg',19),(5,'\0','https://res.cloudinary.com/dvyjtb1ns/image/upload/v1750118902/hamburguesa_clasica_fnrxol.jpg',23),(6,'\0','https://res.cloudinary.com/dvyjtb1ns/image/upload/v1750118998/hamburguesa_clasica2_qpfffx.jpg',23),(7,'\0','https://res.cloudinary.com/dvyjtb1ns/image/upload/v1750119215/hamburguesa_queso_rlumhp.jpg',24),(8,'\0','https://res.cloudinary.com/dvyjtb1ns/image/upload/v1750119215/hamburguesa_queso2_hdsxot.jpg',24),(9,'\0','https://res.cloudinary.com/dvyjtb1ns/image/upload/v1750193511/lomo_simple_af0uwr.jpg',27),(10,'\0','https://res.cloudinary.com/dvyjtb1ns/image/upload/v1750118412/hbf5orr6auworvigtaxz.jpg',21),(11,'\0','https://res.cloudinary.com/dvyjtb1ns/image/upload/v1750118525/sprite_xneucp.jpg',20),(12,'\0','https://res.cloudinary.com/dvyjtb1ns/image/upload/v1750118525/stella_lyltso.jpg',22),(13,'\0','https://res.cloudinary.com/dvyjtb1ns/image/upload/v1750122165/pizza_mozzarella_ofu9yc.jpg',25),(14,'\0','https://res.cloudinary.com/dvyjtb1ns/image/upload/v1750122166/pizza_napolitana_kyypxs.jpg',26),(15,'\0','https://res.cloudinary.com/dvyjtb1ns/image/upload/v1750122165/empanada_carne_rsbiew.jpg',28),(16,'\0','https://res.cloudinary.com/dvyjtb1ns/image/upload/v1750122166/empanada_pollo_h2clv8.jpg',29),(17,'\0','https://res.cloudinary.com/dvyjtb1ns/image/upload/v1750122165/papas_fritas_opg9yg.jpg',30),(18,'\0','https://res.cloudinary.com/dvyjtb1ns/image/upload/v1750122165/papas_fritas_opg9yg.jpg',31),(19,'\0','https://res.cloudinary.com/dvyjtb1ns/image/upload/v1750125084/cerdo_uep2ba.jpg',3),(20,'\0','https://res.cloudinary.com/dvyjtb1ns/image/upload/v1750125083/tomate_ooyres.jpg',4),(21,'\0','https://res.cloudinary.com/dvyjtb1ns/image/upload/v1750125084/lechuga_d7vca4.jpg',5),(22,'\0','https://res.cloudinary.com/dvyjtb1ns/image/upload/v1750125084/cebolla_fsedv9.jpg',6),(23,'\0','https://res.cloudinary.com/dvyjtb1ns/image/upload/v1750125084/papa_esgeo8.jpg',7),(24,'\0','https://res.cloudinary.com/dvyjtb1ns/image/upload/v1750125083/queso_mozza_lltzvn.jpg',8),(25,'\0','https://res.cloudinary.com/dvyjtb1ns/image/upload/v1750125083/queso_cheddar_jgvyd0.jpg',9),(26,'\0','https://res.cloudinary.com/dvyjtb1ns/image/upload/v1750125083/pan_hamburguesa_z1pnlt.jpg',10),(27,'\0','https://res.cloudinary.com/dvyjtb1ns/image/upload/v1750125084/pan_lomo_tceari.jpg',11),(28,'\0','https://res.cloudinary.com/dvyjtb1ns/image/upload/v1750125083/masa_pizza_uyusm3.jpg',12),(29,'\0','https://res.cloudinary.com/dvyjtb1ns/image/upload/v1750125083/masa_empanada_rye8wq.jpg',13),(30,'\0','https://res.cloudinary.com/dvyjtb1ns/image/upload/v1750125083/sal_zxkhnl.jpg',14),(31,'\0','https://res.cloudinary.com/dvyjtb1ns/image/upload/v1750125082/pimienta_cawps6.jpg',15),(32,'\0','https://res.cloudinary.com/dvyjtb1ns/image/upload/v1750125083/mayonesa_kq7jw3.jpg',16),(33,'\0','https://res.cloudinary.com/dvyjtb1ns/image/upload/v1750125084/ketchup_o85yay.jpg',17),(34,'\0','https://res.cloudinary.com/dvyjtb1ns/image/upload/v1750125084/aceite_ueoqcx.jpg',18),(35,'\0','https://res.cloudinary.com/dvyjtb1ns/image/upload/v1750187781/fanta_naranja_vzsksd.jpg',32),(36,'\0','https://res.cloudinary.com/dvyjtb1ns/image/upload/v1750187782/fanta_pomelo_ojydp3.jpg',33),(37,'\0','https://res.cloudinary.com/dvyjtb1ns/image/upload/v1750187782/schweppes_kzar3y.jpg',34),(38,'\0','https://res.cloudinary.com/dvyjtb1ns/image/upload/v1750187781/coca_zero_gzaq3v.jpg',35),(39,'\0','https://res.cloudinary.com/dvyjtb1ns/image/upload/v1750187781/agua_sin_gas_wpaotb.jpg',36),(40,'\0','https://res.cloudinary.com/dvyjtb1ns/image/upload/v1750187782/levite_cqgglx.jpg',37),(41,'\0','https://res.cloudinary.com/dvyjtb1ns/image/upload/v1750187781/andes_us2ti8.jpg',38),(42,'\0','https://res.cloudinary.com/dvyjtb1ns/image/upload/v1750187781/corona_rpk40k.jpg',39),(43,'\0','https://res.cloudinary.com/dvyjtb1ns/image/upload/v1750187782/heineken_c1taof.jpg',40),(44,'\0','https://res.cloudinary.com/dvyjtb1ns/image/upload/v1750187781/agua_con_gas_gbkuwq.jpg',41),(45,'\0','https://res.cloudinary.com/dvyjtb1ns/image/upload/v1750187782/redbull_wl9n0j.jpg',42),(46,'\0','https://res.cloudinary.com/dvyjtb1ns/image/upload/v1750191549/huevos_ujyuep.jpg',43),(47,'\0','https://res.cloudinary.com/dvyjtb1ns/image/upload/v1750191550/salsa_golf_qqu5ff.jpg',44),(48,'\0','https://res.cloudinary.com/dvyjtb1ns/image/upload/v1750191549/mostaza_hsgzh1.jpg',45),(49,'\0','https://res.cloudinary.com/dvyjtb1ns/image/upload/v1750191550/salsa_picante_twmeo9.jpg',46),(50,'\0','https://res.cloudinary.com/dvyjtb1ns/image/upload/v1750191550/manteca_keis1b.jpg',47),(51,'\0','https://res.cloudinary.com/dvyjtb1ns/image/upload/v1750191549/jamon_eldy4y.jpg',48),(52,'\0','https://res.cloudinary.com/dvyjtb1ns/image/upload/v1750191550/tocino_km9w8i.jpg',49),(53,'\0','https://res.cloudinary.com/dvyjtb1ns/image/upload/v1750191549/morron_rojo_kfdi1h.jpg',50),(54,'\0','https://res.cloudinary.com/dvyjtb1ns/image/upload/v1750191548/champinones_r9vwi3.jpg',51),(55,'\0','https://res.cloudinary.com/dvyjtb1ns/image/upload/v1750191549/leche_gfo77g.jpg',52),(56,'\0','https://res.cloudinary.com/dvyjtb1ns/image/upload/v1750191548/crema_leche_hmbaxq.jpg',53),(57,'\0','https://res.cloudinary.com/dvyjtb1ns/image/upload/v1750191550/queso_parmesano_egiw4x.jpg',54),(58,'\0','https://res.cloudinary.com/dvyjtb1ns/image/upload/v1750191550/oregano_ymeqri.jpg',55),(59,'\0','https://res.cloudinary.com/dvyjtb1ns/image/upload/v1750191549/ajo_ca8flx.jpg',56),(60,'\0','https://res.cloudinary.com/dvyjtb1ns/image/upload/v1750191549/pimenton_kwkovw.jpg',57),(61,'\0','https://res.cloudinary.com/dvyjtb1ns/image/upload/v1750191548/comino_stjzv5.jpg',58),(62,'\0','https://res.cloudinary.com/dvyjtb1ns/image/upload/v1750191548/harina_yoihcb.jpg',59),(63,'\0','https://res.cloudinary.com/dvyjtb1ns/image/upload/v1750191549/aceitunas_verdes_oeuaq1.jpg',60),(64,'\0','https://res.cloudinary.com/dvyjtb1ns/image/upload/v1750191549/aceitunas_negras_mo8kp1.jpg',61),(65,'\0','https://res.cloudinary.com/dvyjtb1ns/image/upload/v1750191548/barbacoa_gadzex.jpg',62),(66,'\0','https://res.cloudinary.com/dvyjtb1ns/image/upload/v1750191550/vinagre_z1l0gb.jpg',63),(67,'\0','https://res.cloudinary.com/dvyjtb1ns/image/upload/v1750191548/chimichurri_rlfdfk.jpg',64),(68,'\0','https://res.cloudinary.com/dvyjtb1ns/image/upload/v1750193510/papas_picantes_appkzf.jpg',65),(69,'\0','https://res.cloudinary.com/dvyjtb1ns/image/upload/v1750193511/papas_cheddar_fk5m9n.jpg',66),(70,'\0','https://res.cloudinary.com/dvyjtb1ns/image/upload/v1750193511/papas_huevo_ztd7kh.jpg',67),(71,'\0','https://res.cloudinary.com/dvyjtb1ns/image/upload/v1750193511/lomo_completo_s0d5ez.jpg',68),(72,'\0','https://res.cloudinary.com/dvyjtb1ns/image/upload/v1750193510/empanada_jyq_jytyvt.jpg',69),(73,'\0','https://res.cloudinary.com/dvyjtb1ns/image/upload/v1750193510/pizza_champinones_fnhfiw.jpg',70),(74,'\0','https://res.cloudinary.com/dvyjtb1ns/image/upload/v1750193510/pizza_especial_npb8dh.jpg',71);

/*Data for the table `detalle_articulo_manufacturado` */

insert  into `detalle_articulo_manufacturado`(`id`,`eliminado`,`cantidad`,`articulo_insumo_id`,`articulo_manufacturado_id`) values (1,'\0',0.15,1,23),(2,'\0',1,10,23),(3,'\0',0.05,4,23),(4,'\0',0.03,5,23),(5,'\0',0.02,16,23),(6,'\0',0.15,1,24),(7,'\0',1,10,24),(8,'\0',0.05,9,24),(9,'\0',0.05,4,24),(10,'\0',0.03,5,24),(11,'\0',1,12,25),(12,'\0',0.2,8,25),(13,'\0',0.1,4,25),(14,'\0',1,12,26),(15,'\0',0.2,8,26),(16,'\0',0.15,4,26),(17,'\0',0.02,6,26),(18,'\0',0.2,3,27),(19,'\0',1,11,27),(20,'\0',0.05,4,27),(21,'\0',0.03,5,27),(22,'\0',0.01,16,27),(23,'\0',1,13,28),(24,'\0',0.1,1,28),(25,'\0',0.02,6,28),(26,'\0',1,13,29),(27,'\0',0.1,2,29),(28,'\0',0.02,6,29),(29,'\0',0.3,7,30),(30,'\0',0.02,18,30),(31,'\0',0.5,7,31),(32,'\0',0.03,18,31),(33,'\0',0.35,7,65),(34,'\0',0.03,18,65),(35,'\0',0.005,57,65),(36,'\0',0.002,15,65),(37,'\0',0.001,14,65),(38,'\0',0.4,7,66),(39,'\0',0.03,18,66),(40,'\0',0.08,9,66),(41,'\0',0.05,49,66),(42,'\0',0.001,14,66),(43,'\0',0.35,7,67),(44,'\0',0.03,18,67),(45,'\0',1,43,67),(46,'\0',0.01,47,67),(47,'\0',0.001,14,67),(48,'\0',0.25,3,68),(49,'\0',1,11,68),(50,'\0',0.08,8,68),(51,'\0',1,43,68),(52,'\0',0.08,48,68),(53,'\0',0.05,4,68),(54,'\0',0.03,5,68),(55,'\0',0.01,16,68),(56,'\0',1,13,69),(57,'\0',0.06,48,69),(58,'\0',0.04,8,69),(59,'\0',0.01,6,69),(60,'\0',1,12,70),(61,'\0',0.25,8,70),(62,'\0',0.1,51,70),(63,'\0',0.08,6,70),(64,'\0',0.05,4,70),(65,'\0',0.005,55,70),(66,'\0',1,12,71),(67,'\0',0.3,8,71),(68,'\0',0.1,48,71),(69,'\0',0.08,50,71),(70,'\0',0.05,4,71),(71,'\0',0.005,55,71);

/*Data for the table `sucursal_insumo` */

insert  into `sucursal_insumo`(`id`,`eliminado`,`stock_actual`,`stock_maximo`,`stock_minimo`,`insumo_id`,`sucursal_id`) values (1,'\0',50,100,10,1,1),(2,'\0',30,60,5,2,1),(3,'\0',25,50,5,3,1),(4,'\0',15,30,3,4,1),(5,'\0',10,20,2,5,1),(6,'\0',8,15,2,6,1),(7,'\0',40,80,10,7,1),(8,'\0',20,40,5,8,1),(9,'\0',15,30,5,9,1),(10,'\0',100,200,20,10,1),(11,'\0',80,150,15,11,1),(12,'\0',60,120,15,12,1),(13,'\0',200,400,50,13,1),(14,'\0',5,10,1,14,1),(15,'\0',3,8,1,15,1),(16,'\0',10,25,3,16,1),(17,'\0',8,20,2,17,1),(18,'\0',15,30,5,18,1),(19,'\0',45,100,10,1,2),(20,'\0',25,60,5,2,2),(21,'\0',20,50,5,3,2),(22,'\0',11.65,25,3,4,2),(23,'\0',8,18,2,5,2),(24,'\0',5.98,15,2,6,2),(25,'\0',35,80,10,7,2),(26,'\0',17.400000000000002,40,5,8,2),(27,'\0',12,30,5,9,2),(28,'\0',280,200,20,10,2),(29,'\0',60,120,15,11,2),(30,'\0',47,100,15,12,2),(31,'\0',180,400,50,13,2),(32,'\0',4,10,1,14,2),(33,'\0',2,8,1,15,2),(34,'\0',8,25,3,16,2),(35,'\0',6,20,2,17,2),(36,'\0',12,30,5,18,2),(37,'\0',25,60,8,32,1),(38,'\0',30,70,10,33,1),(39,'\0',20,50,5,34,1),(40,'\0',15,40,5,35,1),(41,'\0',40,100,15,36,1),(42,'\0',35,80,12,37,1),(43,'\0',18,45,6,38,1),(44,'\0',12,30,4,39,1),(45,'\0',10,25,3,40,1),(46,'\0',22,50,8,41,1),(47,'\0',8,20,2,42,1),(48,'\0',20,60,8,32,2),(49,'\0',25,70,10,33,2),(50,'\0',18,50,5,34,2),(51,'\0',12,40,5,35,2),(52,'\0',35,100,15,36,2),(53,'\0',28,80,12,37,2),(54,'\0',15,45,6,38,2),(55,'\0',10,30,4,39,2),(56,'\0',8,25,3,40,2),(57,'\0',18,50,8,41,2),(58,'\0',6,20,2,42,2),(59,'\0',35,80,12,19,1),(60,'\0',30,75,10,20,1),(61,'\0',20,50,8,21,1),(62,'\0',15,40,6,22,1),(63,'\0',27,80,12,19,2),(64,'\0',25,75,10,20,2),(65,'\0',18,50,8,21,2),(66,'\0',12,40,6,22,2),(67,'\0',80,150,20,43,1),(68,'\0',12,30,3,44,1),(69,'\0',10,25,3,45,1),(70,'\0',8,20,2,46,1),(71,'\0',15,35,5,47,1),(72,'\0',25,50,8,48,1),(73,'\0',20,40,6,49,1),(74,'\0',18,35,4,50,1),(75,'\0',12,25,3,51,1),(76,'\0',20,50,8,52,1),(77,'\0',15,35,5,53,1),(78,'\0',8,20,3,54,1),(79,'\0',6,15,2,55,1),(80,'\0',22,45,6,56,1),(81,'\0',5,12,2,57,1),(82,'\0',4,10,1,58,1),(83,'\0',35,80,12,59,1),(84,'\0',14,30,4,60,1),(85,'\0',12,25,3,61,1),(86,'\0',10,22,3,62,1),(87,'\0',8,18,2,63,1),(88,'\0',11,25,3,64,1),(89,'\0',70,150,20,43,2),(90,'\0',10,30,3,44,2),(91,'\0',8,25,3,45,2),(92,'\0',6,20,2,46,2),(93,'\0',12,35,5,47,2),(94,'\0',20,50,8,48,2),(95,'\0',16,40,6,49,2),(96,'\0',15,35,4,50,2),(97,'\0',10,25,3,51,2),(98,'\0',18,50,8,52,2),(99,'\0',12,35,5,53,2),(100,'\0',6,20,3,54,2),(101,'\0',4,15,2,55,2),(102,'\0',18,45,6,56,2),(103,'\0',4,12,2,57,2),(104,'\0',3,10,1,58,2),(105,'\0',28,80,12,59,2),(106,'\0',11,30,4,60,2),(107,'\0',9,25,3,61,2),(108,'\0',8,22,3,62,2),(109,'\0',6,18,2,63,2),(110,'\0',9,25,3,64,2);

