
USE `buen_sabor2`;

/*Data for the table `unidad_medida` */

insert  into `unidad_medida`(`id`,`eliminado`,`denominacion`) values (1,'\0','Kilogramo'),(2,'\0','Unidad'),(3,'\0','Litro'),(4,'\0','Pizca'),(5,'\0','Cucharada'),(6,'\0','Cucharadita');

/*Data for the table `categoria` */

insert  into `categoria`(`id`,`eliminado`,`denominacion`,`url_imagen`,`categoria_padre_id`) values (1,'\0','Comidas','https://res.cloudinary.com/dvyjtb1ns/image/upload/v1750117097/comidas_egnfzj.jpg',NULL),(2,'\0','Bebidas','https://res.cloudinary.com/dvyjtb1ns/image/upload/v1750117097/bebidas_bhb2hu.jpg',NULL),(3,'\0','Insumos','https://res.cloudinary.com/dvyjtb1ns/image/upload/v1750117104/insumos_o2chjk.jpg',NULL),(4,'\0','Hamburguesas','https://res.cloudinary.com/dvyjtb1ns/image/upload/v1750117104/hamburguesa_cat_ks8spu.jpg',1),(5,'\0','Pizzas','https://res.cloudinary.com/dvyjtb1ns/image/upload/v1750117114/pizza_cat_gslnm6.jpg',1),(6,'\0','Lomos','https://res.cloudinary.com/dvyjtb1ns/image/upload/v1750117105/lomo_cat_ifduro.jpg',1),(7,'\0','Empanadas','https://res.cloudinary.com/dvyjtb1ns/image/upload/v1750117097/empanadas_cat_nygobw.jpg',1),(8,'\0','Papas Fritas','https://res.cloudinary.com/dvyjtb1ns/image/upload/v1750117111/papas_cat_uhoc8l.jpg',1),(9,'\0','Gaseosas','https://res.cloudinary.com/dvyjtb1ns/image/upload/v1750117097/gaseosas_cat_ym00xf.jpg',2),(10,'\0','Cervezas','https://res.cloudinary.com/dvyjtb1ns/image/upload/v1750117097/cervezas_cat_hiih9v.jpg',2),(11,'\0','Carnes','https://res.cloudinary.com/dvyjtb1ns/image/upload/v1750117097/carnes_cat_qnl6jv.jpg',3),(12,'\0','Vegetales','https://res.cloudinary.com/dvyjtb1ns/image/upload/v1750117114/vegetales_cat_zzkpcn.jpg',3),(13,'\0','Lácteos','https://res.cloudinary.com/dvyjtb1ns/image/upload/v1750117105/lacteos_cat_xpde59.jpg',3),(14,'\0','Panificados','https://res.cloudinary.com/dvyjtb1ns/image/upload/v1750117110/panificados_cat_nbyxji.jpg',3),(15,'\0','Condimentos','https://res.cloudinary.com/dvyjtb1ns/image/upload/v1750117097/condimentos_cat_tq0isc.jpg',3);


insert  into `articulo`(`tipo_articulo`,`id`,`eliminado`,`denominacion`,`precio_venta`,`categoria_id`,`unidad_medida_id`) values ('Insumo',1,'\0','Carne de Res Molida',12000,11,1),('Insumo',2,'\0','Pollo',9000,11,1),('Insumo',3,'\0','Cerdo',10500,11,1),('Insumo',4,'\0','Tomate',3000,12,1),('Insumo',5,'\0','Lechuga',2250,12,1),('Insumo',6,'\0','Cebolla',1500,12,1),('Insumo',7,'\0','Papa',1800,12,1),('Insumo',8,'\0','Queso Mozzarella',7500,13,1),('Insumo',9,'\0','Queso Cheddar',8250,13,1),('Insumo',10,'\0','Pan de Hamburguesa',1200,14,2),('Insumo',11,'\0','Pan de Lomo',1500,14,2),('Insumo',12,'\0','Masa de Pizza',900,14,2),('Insumo',13,'\0','Masa de Empanada',600,14,2),('Insumo',14,'\0','Sal',750,15,4),('Insumo',15,'\0','Pimienta',900,15,4),('Insumo',16,'\0','Mayonesa',4500,15,5),('Insumo',17,'\0','Ketchup',3750,15,5),('Insumo',18,'\0','Aceite',3000,15,3),('Insumo',19,'\0','Coca Cola 2,25L',2500,9,2),('Insumo',20,'\0','Sprite 2,25L',2300,9,2),('Insumo',21,'\0','Cerveza Quilmes 1L',3000,10,2),('Insumo',22,'\0','Cerveza Stella Artois 1L',3500,10,2),('ArticuloManufacturado',23,'\0','Hamburguesa Clásica',8500,4,2),('ArticuloManufacturado',24,'\0','Hamburguesa con Queso',9500,4,2),('ArticuloManufacturado',25,'\0','Pizza Mozzarella',12000,5,2),('ArticuloManufacturado',26,'\0','Pizza Napolitana',13500,5,2),('ArticuloManufacturado',27,'\0','Lomo Completo',11000,6,2),('ArticuloManufacturado',28,'\0','Empanada de Carne',1800,7,2),('ArticuloManufacturado',29,'\0','Empanada de Pollo',1800,7,2),('ArticuloManufacturado',30,'\0','Papas Fritas Medianas',4500,8,2),('ArticuloManufacturado',31,'\0','Papas Fritas Grandes',6000,8,2);

/*Data for the table `articulo_insumo` */

insert  into `articulo_insumo`(`es_para_elaborar`,`precio_compra`,`id`) values ('',8000,1),('',6000,2),('',7000,3),('',2000,4),('',1500,5),('',1000,6),('',1200,7),('',5000,8),('',5500,9),('',800,10),('',1000,11),('',600,12),('',400,13),('',500,14),('',600,15),('',3000,16),('',2500,17),('',2000,18),('\0',1800,19),('\0',1600,20),('\0',0,21),('\0',2800,22);

/*Data for the table `articulo_manufacturado` */

insert  into `articulo_manufacturado`(`descripcion`,`preparacion`,`tiempo_estimado_minutos`,`id`) values ('Hamburguesa clásica con carne, lechuga, tomate','Cocinar la carne, armar con vegetales frescos',8,23),('Hamburguesa con queso cheddar derretido','Cocinar la carne, derretir queso, armar con vegetales',10,24),('Pizza con salsa de tomate y mozzarella','Extender masa, agregar salsa y queso, hornear',9,25),('Pizza con tomate, mozzarella y condimentos','Extender masa, agregar ingredientes, hornear',11,26),('Lomo completo con todos los ingredientes','Cocinar carne, preparar guarniciones, armar',12,27),('Empanada rellena de carne condimentada','Preparar relleno, armar empanadas, hornear',13,28),('Empanada rellena de pollo desmenuzado','Cocinar pollo, preparar relleno, armar y hornear',14,29),('Porción mediana de papas fritas','Cortar papas, freír hasta dorar',6,30),('Porción grande de papas fritas','Cortar papas, freír hasta dorar',8,31);

/*Data for the table `imagen_articulo` */

insert  into `imagen_articulo`(`id`,`eliminado`,`denominacion`,`articulo_id`) values (1,'\0','https://res.cloudinary.com/dvyjtb1ns/image/upload/v1750125083/carne_molida_ghfti8.jpg',1),(2,'\0','https://res.cloudinary.com/dvyjtb1ns/image/upload/v1750125082/pollo_udtrmr.jpg',2),(3,'\0','https://res.cloudinary.com/dvyjtb1ns/image/upload/v1750118525/coca_cola_bvrczz.jpg',19),(5,'\0','https://res.cloudinary.com/dvyjtb1ns/image/upload/v1750118902/hamburguesa_clasica_fnrxol.jpg',23),(6,'\0','https://res.cloudinary.com/dvyjtb1ns/image/upload/v1750118998/hamburguesa_clasica2_qpfffx.jpg',23),(7,'\0','https://res.cloudinary.com/dvyjtb1ns/image/upload/v1750119215/hamburguesa_queso_rlumhp.jpg',24),(8,'\0','https://res.cloudinary.com/dvyjtb1ns/image/upload/v1750119215/hamburguesa_queso2_hdsxot.jpg',24),(9,'\0','https://res.cloudinary.com/dvyjtb1ns/image/upload/v1750122165/lomo_completo_p0qhrd.jpg',27),(10,'\0','https://res.cloudinary.com/dvyjtb1ns/image/upload/v1750118412/hbf5orr6auworvigtaxz.jpg',21),(11,'\0','https://res.cloudinary.com/dvyjtb1ns/image/upload/v1750118525/sprite_xneucp.jpg',20),(12,'\0','https://res.cloudinary.com/dvyjtb1ns/image/upload/v1750118525/stella_lyltso.jpg',22),(13,'\0','https://res.cloudinary.com/dvyjtb1ns/image/upload/v1750122165/pizza_mozzarella_ofu9yc.jpg',25),(14,'\0','https://res.cloudinary.com/dvyjtb1ns/image/upload/v1750122166/pizza_napolitana_kyypxs.jpg',26),(15,'\0','https://res.cloudinary.com/dvyjtb1ns/image/upload/v1750122165/empanada_carne_rsbiew.jpg',28),(16,'\0','https://res.cloudinary.com/dvyjtb1ns/image/upload/v1750122166/empanada_pollo_h2clv8.jpg',29),(17,'\0','https://res.cloudinary.com/dvyjtb1ns/image/upload/v1750122165/papas_fritas_opg9yg.jpg',30),(18,'\0','https://res.cloudinary.com/dvyjtb1ns/image/upload/v1750122165/papas_fritas_opg9yg.jpg',31),(19,'\0','https://res.cloudinary.com/dvyjtb1ns/image/upload/v1750125084/cerdo_uep2ba.jpg',3),(20,'\0','https://res.cloudinary.com/dvyjtb1ns/image/upload/v1750125083/tomate_ooyres.jpg',4),(21,'\0','https://res.cloudinary.com/dvyjtb1ns/image/upload/v1750125084/lechuga_d7vca4.jpg',5),(22,'\0','https://res.cloudinary.com/dvyjtb1ns/image/upload/v1750125084/cebolla_fsedv9.jpg',6),(23,'\0','https://res.cloudinary.com/dvyjtb1ns/image/upload/v1750125084/papa_esgeo8.jpg',7),(24,'\0','https://res.cloudinary.com/dvyjtb1ns/image/upload/v1750125083/queso_mozza_lltzvn.jpg',8),(25,'\0','https://res.cloudinary.com/dvyjtb1ns/image/upload/v1750125083/queso_cheddar_jgvyd0.jpg',9),(26,'\0','https://res.cloudinary.com/dvyjtb1ns/image/upload/v1750125083/pan_hamburguesa_z1pnlt.jpg',10),(27,'\0','https://res.cloudinary.com/dvyjtb1ns/image/upload/v1750125084/pan_lomo_tceari.jpg',11),(28,'\0','https://res.cloudinary.com/dvyjtb1ns/image/upload/v1750125083/masa_pizza_uyusm3.jpg',12),(29,'\0','https://res.cloudinary.com/dvyjtb1ns/image/upload/v1750125083/masa_empanada_rye8wq.jpg',13),(30,'\0','https://res.cloudinary.com/dvyjtb1ns/image/upload/v1750125083/sal_zxkhnl.jpg',14),(31,'\0','https://res.cloudinary.com/dvyjtb1ns/image/upload/v1750125082/pimienta_cawps6.jpg',15),(32,'\0','https://res.cloudinary.com/dvyjtb1ns/image/upload/v1750125083/mayonesa_kq7jw3.jpg',16),(33,'\0','https://res.cloudinary.com/dvyjtb1ns/image/upload/v1750125084/ketchup_o85yay.jpg',17),(34,'\0','https://res.cloudinary.com/dvyjtb1ns/image/upload/v1750125084/aceite_ueoqcx.jpg',18);

/*Data for the table `detalle_articulo_manufacturado` */

insert  into `detalle_articulo_manufacturado`(`id`,`eliminado`,`cantidad`,`articulo_insumo_id`,`articulo_manufacturado_id`) values (1,'\0',0.15,1,23),(2,'\0',1,10,23),(3,'\0',0.05,4,23),(4,'\0',0.03,5,23),(5,'\0',0.01,16,23),(6,'\0',0.15,1,24),(7,'\0',1,10,24),(8,'\0',0.05,9,24),(9,'\0',0.05,4,24),(10,'\0',0.03,5,24),(11,'\0',1,12,25),(12,'\0',0.2,8,25),(13,'\0',0.1,4,25),(14,'\0',1,12,26),(15,'\0',0.2,8,26),(16,'\0',0.15,4,26),(17,'\0',0.02,6,26),(18,'\0',0.2,1,27),(19,'\0',1,11,27),(20,'\0',0.05,4,27),(21,'\0',0.03,5,27),(22,'\0',0.01,16,27),(23,'\0',1,13,28),(24,'\0',0.1,1,28),(25,'\0',0.02,6,28),(26,'\0',1,13,29),(27,'\0',0.1,2,29),(28,'\0',0.02,6,29),(29,'\0',0.3,7,30),(30,'\0',0.02,18,30),(31,'\0',0.5,7,31),(32,'\0',0.03,18,31);

/*Data for the table `sucursal_insumo` */

insert  into `sucursal_insumo`(`id`,`eliminado`,`stock_actual`,`stock_maximo`,`stock_minimo`,`insumo_id`,`sucursal_id`) values (1,'\0',50,100,10,1,1),(2,'\0',30,60,5,2,1),(3,'\0',25,50,5,3,1),(4,'\0',15,30,3,4,1),(5,'\0',10,20,2,5,1),(6,'\0',8,15,2,6,1),(7,'\0',40,80,10,7,1),(8,'\0',20,40,5,8,1),(9,'\0',15,30,5,9,1),(10,'\0',100,200,20,10,1),(11,'\0',80,150,15,11,1),(12,'\0',60,120,15,12,1),(13,'\0',200,400,50,13,1),(14,'\0',5,10,1,14,1),(15,'\0',3,8,1,15,1),(16,'\0',10,25,3,16,1),(17,'\0',8,20,2,17,1),(18,'\0',15,30,5,18,1),(19,'\0',45,100,10,1,2),(20,'\0',25,60,5,2,2),(21,'\0',20,50,5,3,2),(22,'\0',12,25,3,4,2),(23,'\0',8,18,2,5,2),(24,'\0',6,15,2,6,2),(25,'\0',35,80,10,7,2),(26,'\0',18,40,5,8,2),(27,'\0',12,30,5,9,2),(28,'\0',80,200,20,10,2),(29,'\0',60,120,15,11,2),(30,'\0',50,100,15,12,2),(31,'\0',180,400,50,13,2),(32,'\0',4,10,1,14,2),(33,'\0',2,8,1,15,2),(34,'\0',8,25,3,16,2),(35,'\0',6,20,2,17,2),(36,'\0',12,30,5,18,2);

